Name,Company,State,City,Salary,Location,Url
Financial Advisor, Edward Jones  Top Company,FL,Panama City,,"Panama City, FL",https://www.glassdoor.com/partner/jobListing.htm?pos=101&ao=449068&s=58&guid=000001683a4df2da820724991f641c1c&src=GD_JOB_AD&t=SR&extid=1&exst=L&ist=&ast=L&vt=w&slr=true&cs=1_b4655384&cb=1547166414141&jobListingId=3051071759
Security Analyst, NantHealth  ,FL,Panama City,$54k-$87k,"Panama City, FL",https://www.glassdoor.com/partner/jobListing.htm?pos=102&ao=444837&s=58&guid=000001683a4df2da820724991f641c1c&src=GD_JOB_AD&t=SR&extid=1&exst=L&ist=&ast=L&vt=w&slr=true&cs=1_f9ebbbc1&cb=1547166414142&jobListingId=3055927568
Warehouse Material Handler, ABC Supply co.  ,FL,Panama City,$11-$17 per hour,"Panama City, FL",https://www.glassdoor.com/partner/jobListing.htm?pos=103&ao=300465&s=58&guid=000001683a4df2da820724991f641c1c&src=GD_JOB_AD&t=SR&extid=1&exst=L&ist=&ast=L&vt=w&slr=true&cs=1_3f760a5e&cb=1547166414143&jobListingId=2992908299
Inventory Associate, WIS International  ,FL,Panama City,$8-$11 per hour,"Panama City, FL",https://www.glassdoor.com/partner/jobListing.htm?pos=104&ao=376997&s=58&guid=000001683a4df2da820724991f641c1c&src=GD_JOB_AD&t=SR&extid=1&exst=L&ist=&ast=L&vt=w&slr=true&cs=1_8278720e&cb=1547166414144&jobListingId=3054479526
A Lineman - Transmission, Pike Electric Corporation  Hot,FL,Panama City,,"Panama City, FL",https://www.glassdoor.com/partner/jobListing.htm?pos=105&ao=401891&s=58&guid=000001683a4df2da820724991f641c1c&src=GD_JOB_AD&t=SR&extid=1&exst=L&ist=&ast=L&vt=w&slr=true&cs=1_b0012ed4&cb=1547166414145&jobListingId=3027025458
Associate Logistics, Harbor Freight Tools  We're Hiring,FL,Panama City,,"Panama City, FL",https://www.glassdoor.com/partner/jobListing.htm?pos=106&ao=252338&s=58&guid=000001683a4df2da820724991f641c1c&src=GD_JOB_AD&t=SR&extid=1&exst=L&ist=&ast=L&vt=w&slr=true&cs=1_1c36c12b&cb=1547166414145&jobListingId=3016757346
Inside Sales, Gulfeagle Supply  ,FL,Panama City,,"Panama City, FL",https://www.glassdoor.com/partner/jobListing.htm?pos=107&ao=368913&s=58&guid=000001683a4df2da820724991f641c1c&src=GD_JOB_AD&t=SR&extid=1&exst=L&ist=&ast=L&vt=w&slr=true&cs=1_cfcfa08d&cb=1547166414146&jobListingId=3017485628
Outside Sales Representative - UniFirst, UniFirst  We're Hiring,FL,Panama City,,"Panama City, FL",https://www.glassdoor.com/partner/jobListing.htm?pos=108&ao=454291&s=58&guid=000001683a4df2da820724991f641c1c&src=GD_JOB_AD&t=SR&extid=1&exst=L&ist=&ast=L&vt=w&slr=true&cs=1_81259a39&cb=1547166414147&jobListingId=2982339264
Delivery Partner - Weekly Pay, Uber Eats  New,FL,Panama City,,"Panama City, FL",https://www.glassdoor.com/partner/jobListing.htm?pos=109&ao=412096&s=58&guid=000001683a4df2da820724991f641c1c&src=GD_JOB_AD&t=SR&extid=1&exst=L&ist=&ast=L&vt=w&slr=true&cs=1_5ea47d3a&cb=1547166414148&jobListingId=3056123374
Associate Sales, Harbor Freight Tools  We're Hiring,FL,Panama City,,"Panama City, FL",https://www.glassdoor.com/partner/jobListing.htm?pos=110&ao=252337&s=58&guid=000001683a4df2da820724991f641c1c&src=GD_JOB_AD&t=SR&extid=1&exst=L&ist=&ast=L&vt=w&slr=true&cs=1_045e2871&cb=1547166414149&jobListingId=3016757333
CDL Delivery Truck Driver, ABC Supply co.  Top Company,FL,Panama City,,"Panama City, FL",https://www.glassdoor.com/partner/jobListing.htm?pos=111&ao=300463&s=58&guid=000001683a4df2da820724991f641c1c&src=GD_JOB_AD&t=SR&extid=1&exst=L&ist=&ast=L&vt=w&slr=true&cs=1_b2c291e4&cb=1547166414150&jobListingId=3017478207
Delivery Driver, Pizza Hut  ,FL,Panama City,$6-$11 per hour,"Panama City, FL",https://www.glassdoor.com/partner/jobListing.htm?pos=112&ao=301242&s=58&guid=000001683a4df2da820724991f641c1c&src=GD_JOB_AD&t=SR&extid=1&exst=L&ist=&ast=L&vt=w&slr=true&cs=1_69ecacc3&cb=1547166414150&jobListingId=2632279710
Part-Time Delivery - Uber Eats, Uber Eats  ,FL,Panama City,,"Panama City, FL",https://www.glassdoor.com/partner/jobListing.htm?pos=113&ao=412096&s=58&guid=000001683a4df2da820724991f641c1c&src=GD_JOB_AD&t=SR&extid=1&exst=L&ist=&ast=L&vt=w&slr=true&cs=1_ce0cb961&cb=1547166414152&jobListingId=3055982963
Licensed Realtor + 1 yr exp, Fathom Realty  ,FL,Panama City,,"Panama City, FL",https://www.glassdoor.com/partner/jobListing.htm?pos=114&ao=419793&s=58&guid=000001683a4df2da820724991f641c1c&src=GD_JOB_AD&t=SR&extid=1&exst=L&ist=&ast=L&vt=w&slr=true&aa=1&ea=1&cs=1_6aa77383&cb=1547166414153&jobListingId=3061411555
Uber Eats Part-Time Delivery, Uber Eats  ,FL,Panama City,,"Panama City, FL",https://www.glassdoor.com/partner/jobListing.htm?pos=115&ao=412096&s=58&guid=000001683a4df2da820724991f641c1c&src=GD_JOB_AD&t=SR&extid=1&exst=L&ist=&ast=L&vt=w&slr=true&cs=1_a77461cf&cb=1547166414154&jobListingId=3055981363
Food Delivery Partner - Weekly Pay, Uber Eats  ,FL,Panama City,,"Panama City, FL",https://www.glassdoor.com/partner/jobListing.htm?pos=116&ao=412096&s=58&guid=000001683a4df2da820724991f641c1c&src=GD_JOB_AD&t=SR&extid=1&exst=L&ist=&ast=L&vt=w&slr=true&cs=1_969042df&cb=1547166414155&jobListingId=3056138941
Want to make extra money? Deliver with Uber Eats, Uber Eats  ,FL,Panama City,,"Panama City, FL",https://www.glassdoor.com/partner/jobListing.htm?pos=117&ao=412096&s=58&guid=000001683a4df2da820724991f641c1c&src=GD_JOB_AD&t=SR&extid=1&exst=L&ist=&ast=L&vt=w&slr=true&cs=1_785fda12&cb=1547166414156&jobListingId=3056133979
Registered Nurse NICU PRN, Gulf Coast Regional Medical Center  ,FL,Panama City,$21-$27 per hour,"Panama City, FL",https://www.glassdoor.com/partner/jobListing.htm?pos=118&ao=460814&s=58&guid=000001683a4df2da820724991f641c1c&src=GD_JOB_AD&t=SR&extid=1&exst=L&ist=&ast=L&vt=w&slr=true&cs=1_7c302f30&cb=1547166414157&jobListingId=3056204648
Hair Stylist, Sport Clips  Top Company,FL,Panama City,,"Panama City, FL",https://www.glassdoor.com/partner/jobListing.htm?pos=119&ao=316317&s=58&guid=000001683a4df2da820724991f641c1c&src=GD_JOB_AD&t=SR&extid=1&exst=L&ist=&ast=L&vt=w&slr=true&cs=1_411f98f5&cb=1547166414159&jobListingId=2551770731
Nurse Manager Womens Services, Gulf Coast Regional Medical Center  ,FL,Panama City,$57k-$89k,"Panama City, FL",https://www.glassdoor.com/partner/jobListing.htm?pos=120&ao=460814&s=58&guid=000001683a4df2da820724991f641c1c&src=GD_JOB_AD&t=SR&extid=1&exst=L&ist=&ast=L&vt=w&slr=true&cs=1_c3f0d2ef&cb=1547166414160&jobListingId=2795424002
Registered Nurse / RN - Critical Care: ICU, Advanced Medical  ,FL,Panama City,,"Panama City, FL",https://www.glassdoor.com/partner/jobListing.htm?pos=121&ao=445389&s=58&guid=000001683a4df2da820724991f641c1c&src=GD_JOB_AD&t=SR&extid=1&exst=L&ist=&ast=L&vt=w&slr=true&cs=1_113aa748&cb=1547166414161&jobListingId=3081383865
RN Labor & Delivery Full Time Nights (Rotating Weekends), Gulf Coast Regional Medical Center  ,FL,Panama City,$21-$27 per hour,"Panama City, FL",https://www.glassdoor.com/partner/jobListing.htm?pos=122&ao=460814&s=58&guid=000001683a4df2da820724991f641c1c&src=GD_JOB_AD&t=SR&extid=1&exst=L&ist=&ast=L&vt=w&slr=true&cs=1_3ee84baa&cb=1547166414162&jobListingId=3056204658
Travel Nurse (RN) - Labor and Delivery (L&D) - 13 Weeks, Cirrus Medical Staffing  ,FL,Panama City,,"Panama City, FL",https://www.glassdoor.com/partner/jobListing.htm?pos=123&ao=315095&s=58&guid=000001683a4df2da820724991f641c1c&src=GD_JOB_AD&t=SR&extid=1&exst=L&ist=&ast=L&vt=w&slr=true&cs=1_a4115d55&cb=1547166414163&jobListingId=3082509290
Flexible Winter Schedule - Deliver with Uber Eats, Uber Eats  ,FL,Panama City,,"Panama City, FL",https://www.glassdoor.com/partner/jobListing.htm?pos=124&ao=412096&s=58&guid=000001683a4df2da820724991f641c1c&src=GD_JOB_AD&t=SR&extid=1&exst=L&ist=&ast=L&vt=w&slr=true&cs=1_351d16ad&cb=1547166414164&jobListingId=3055987087
Registered Nurse (RN) NICU Full Time Nights (Rotating Weekends), Gulf Coast Regional Medical Center  ,FL,Panama City,$21-$27 per hour,"Panama City, FL",https://www.glassdoor.com/partner/jobListing.htm?pos=125&ao=460814&s=58&guid=000001683a4df2da820724991f641c1c&src=GD_JOB_AD&t=SR&extid=1&exst=L&ist=&ast=L&vt=w&slr=true&cs=1_936c3995&cb=1547166414165&jobListingId=3056204643
Registered Nurse (RN) ICU PRN, Gulf Coast Regional Medical Center  ,FL,Panama City,$21-$27 per hour,"Panama City, FL",https://www.glassdoor.com/partner/jobListing.htm?pos=126&ao=460814&s=58&guid=000001683a4df2da820724991f641c1c&src=GD_JOB_AD&t=SR&extid=1&exst=L&ist=&ast=L&vt=w&slr=true&cs=1_4e50bb3e&cb=1547166414167&jobListingId=3071629238
CDL-A Flatbed Company Truck Driver, Southeast Logistics  ,FL,Panama City,,"Panama City, FL",https://www.glassdoor.com/partner/jobListing.htm?pos=127&ao=386372&s=58&guid=000001683a4df2da820724991f641c1c&src=GD_JOB_AD&t=SR&extid=1&exst=L&ist=&ast=L&vt=w&slr=true&cs=1_47def4dd&cb=1547166414168&jobListingId=3074931283
Registered Nurse (RN) Mother Baby PRN, Gulf Coast Regional Medical Center  ,FL,Panama City,$21-$27 per hour,"Panama City, FL",https://www.glassdoor.com/partner/jobListing.htm?pos=128&ao=460814&s=58&guid=000001683a4df2da820724991f641c1c&src=GD_JOB_AD&t=SR&extid=1&exst=L&ist=&ast=L&vt=w&slr=true&cs=1_d6f8f099&cb=1547166414169&jobListingId=3056204652
Travel Nurse (RN) - Intensive Care Unit (ICU) - 13 Weeks, Cirrus Medical Staffing  ,FL,Panama City,,"Panama City, FL",https://www.glassdoor.com/partner/jobListing.htm?pos=129&ao=315095&s=58&guid=000001683a4df2da820724991f641c1c&src=GD_JOB_AD&t=SR&extid=1&exst=L&ist=&ast=L&vt=w&slr=true&cs=1_f0f41973&cb=1547166414170&jobListingId=3081440438
Travel Registered Nurse RN Intensive Care unit ICU, OneStaff Medical  ,FL,Panama City,$28-$38 per hour,"Panama City, FL",https://www.glassdoor.com/partner/jobListing.htm?pos=130&ao=341173&s=58&guid=000001683a4df2da820724991f641c1c&src=GD_JOB_AD&t=SR&extid=1&exst=L&ist=&ast=L&vt=w&slr=true&cs=1_710649e0&cb=1547166414172&jobListingId=3082086197
Best Buy Verizon Expert, Best Buy  ,FL,Panama City,,"Panama City, FL",https://www.glassdoor.com/partner/jobListing.htm?pos=101&ao=375602&s=149&guid=000001683c9886cdbeafd7fabcff3100&src=GD_JOB_AD&t=SRFJ&extid=4&exst=L&ist=&ast=L&vt=w&slr=true&cs=1_2346af06&cb=1547204855875&jobListingId=3056529053
Batch Card Specialist (Liberación de lotes farmacéutico), GlaxoSmithKline  ,FL,Panama City,,"Panama City, FL",https://www.glassdoor.com/partner/jobListing.htm?pos=102&ao=427629&s=149&guid=000001683c9886cdbeafd7fabcff3100&src=GD_JOB_AD&t=SRFJ&extid=4&exst=L&ist=&ast=L&vt=w&slr=true&cs=1_ac534344&cb=1547204855877&jobListingId=3083826779
Financial Advisor, Edward Jones  Top Company,FL,Panama City,,"Panama City, FL",https://www.glassdoor.com/partner/jobListing.htm?pos=101&ao=449068&s=58&guid=000001683c9886cd94b4955a237ddf87&src=GD_JOB_AD&t=SR&extid=1&exst=L&ist=&ast=L&vt=w&slr=true&cs=1_e20e49fc&cb=1547204855878&jobListingId=3051071759
Inventory Associate, WIS International  ,FL,Panama City,$8-$11 per hour,"Panama City, FL",https://www.glassdoor.com/partner/jobListing.htm?pos=102&ao=376997&s=58&guid=000001683c9886cd94b4955a237ddf87&src=GD_JOB_AD&t=SR&extid=1&exst=L&ist=&ast=L&vt=w&slr=true&cs=1_59bf1815&cb=1547204855879&jobListingId=3054479526
Project Administration Assistant, Timberline Construction Group  ,FL,Panama City,,"Panama City, FL",https://www.glassdoor.com/partner/jobListing.htm?pos=103&ao=389273&s=58&guid=000001683c9886cd94b4955a237ddf87&src=GD_JOB_AD&t=SR&extid=1&exst=L&ist=&ast=L&vt=w&slr=true&cs=1_748fca1d&cb=1547204855880&jobListingId=3075944652
A Lineman - Transmission, Pike Electric Corporation  Hot,FL,Panama City,,"Panama City, FL",https://www.glassdoor.com/partner/jobListing.htm?pos=104&ao=401891&s=58&guid=000001683c9886cd94b4955a237ddf87&src=GD_JOB_AD&t=SR&extid=1&exst=L&ist=&ast=L&vt=w&slr=true&cs=1_aa42a20f&cb=1547204855881&jobListingId=3027025458
Associate Logistics, Harbor Freight Tools  We're Hiring,FL,Panama City,,"Panama City, FL",https://www.glassdoor.com/partner/jobListing.htm?pos=105&ao=252338&s=58&guid=000001683c9886cd94b4955a237ddf87&src=GD_JOB_AD&t=SR&extid=1&exst=L&ist=&ast=L&vt=w&slr=true&cs=1_df23106c&cb=1547204855882&jobListingId=3016757346
Warehouse Material Handler, ABC Supply co.  ,FL,Panama City,$11-$17 per hour,"Panama City, FL",https://www.glassdoor.com/partner/jobListing.htm?pos=106&ao=300465&s=58&guid=000001683c9886cd94b4955a237ddf87&src=GD_JOB_AD&t=SR&extid=1&exst=L&ist=&ast=L&vt=w&slr=true&cs=1_71cfab7a&cb=1547204855883&jobListingId=2992908299
Outside Sales Representative - UniFirst, UniFirst  We're Hiring,FL,Panama City,,"Panama City, FL",https://www.glassdoor.com/partner/jobListing.htm?pos=107&ao=454291&s=58&guid=000001683c9886cd94b4955a237ddf87&src=GD_JOB_AD&t=SR&extid=1&exst=L&ist=&ast=L&vt=w&slr=true&cs=1_b19b809d&cb=1547204855884&jobListingId=2982339264
Inside Sales, Gulfeagle Supply  We're Hiring,FL,Panama City,,"Panama City, FL",https://www.glassdoor.com/partner/jobListing.htm?pos=108&ao=368913&s=58&guid=000001683c9886cd94b4955a237ddf87&src=GD_JOB_AD&t=SR&extid=1&exst=L&ist=&ast=L&vt=w&slr=true&cs=1_ff71ba29&cb=1547204855884&jobListingId=3017485628
Delivery Partner - Weekly Pay, Uber Eats  New,FL,Panama City,,"Panama City, FL",https://www.glassdoor.com/partner/jobListing.htm?pos=109&ao=412096&s=58&guid=000001683c9886cd94b4955a237ddf87&src=GD_JOB_AD&t=SR&extid=1&exst=L&ist=&ast=L&vt=w&slr=true&cs=1_08cf6742&cb=1547204855885&jobListingId=3056123374
CDL Driver - Class A or B, Beacon Roofing Supply  ,FL,Panama City,,"Panama City, FL",https://www.glassdoor.com/partner/jobListing.htm?pos=110&ao=456113&s=58&guid=000001683c9886cd94b4955a237ddf87&src=GD_JOB_AD&t=SR&extid=1&exst=L&ist=&ast=L&vt=w&slr=true&aa=1&ea=1&cs=1_81e0456a&cb=1547204855886&jobListingId=3083610908
IT Specialist, ACI Federal  ,FL,Panama City,$30k-$57k,"Panama City, FL",https://www.glassdoor.com/partner/jobListing.htm?pos=111&ao=215203&s=58&guid=000001683c9886cd94b4955a237ddf87&src=GD_JOB_AD&t=SR&extid=1&exst=L&ist=&ast=L&vt=w&slr=true&cs=1_78380cd2&cb=1547204855887&jobListingId=3059117336
MERCHANDISING, The Home Depot  ,FL,Panama City,$9-$14 per hour,"Panama City, FL",https://www.glassdoor.com/partner/jobListing.htm?pos=112&ao=427856&s=58&guid=000001683c9886cd94b4955a237ddf87&src=GD_JOB_AD&t=SR&extid=1&exst=L&ist=&ast=L&vt=w&slr=true&cs=1_649c3841&cb=1547204855888&jobListingId=3062909502
Operational Excellence Senior Value Stream Coach, Ingersoll Rand  ,FL,Panama City,,"Panama City, FL",https://www.glassdoor.com/partner/jobListing.htm?pos=113&ao=361276&s=58&guid=000001683c9886cd94b4955a237ddf87&src=GD_JOB_AD&t=SR&extid=1&exst=L&ist=&ast=L&vt=w&slr=true&cs=1_bebec24c&cb=1547204855890&jobListingId=3067834585
Pasante del Area de Proyectos, GlaxoSmithKline  ,FL,Panama City,,"Panama City, FL",https://www.glassdoor.com/partner/jobListing.htm?pos=114&ao=427629&s=58&guid=000001683c9886cd94b4955a237ddf87&src=GD_JOB_AD&t=SR&extid=1&exst=L&ist=&ast=L&vt=w&slr=true&cs=1_5a56cf2c&cb=1547204855891&jobListingId=3054828401
General Labor/Panama City," Hire Quest, LLC  ",FL,Panama City,,"Panama City, FL",https://www.glassdoor.com/partner/jobListing.htm?pos=115&ao=337497&s=58&guid=000001683c9886cd94b4955a237ddf87&src=GD_JOB_AD&t=SR&extid=1&exst=L&ist=&ast=L&vt=w&slr=true&cs=1_886d8036&cb=1547204855892&jobListingId=2802099714
IT Specialist," MILVETS Systems Technology, Inc.  ",FL,Panama City,$31k-$57k,"Panama City, FL",https://www.glassdoor.com/partner/jobListing.htm?pos=116&ao=4341&s=58&guid=000001683c9886cd94b4955a237ddf87&src=GD_JOB_AD&t=SR&extid=1&exst=L&ist=&ast=L&vt=w&slr=true&aa=1&ea=1&cs=1_6cec4a49&cb=1547204855893&jobListingId=3026178135
Restaurant Team Member - Crew, Chipotle Mexican Grill  ,FL,Panama City,$8-$12 per hour,"Panama City, FL",https://www.glassdoor.com/partner/jobListing.htm?pos=117&ao=140970&s=58&guid=000001683c9886cd94b4955a237ddf87&src=GD_JOB_AD&t=SR&extid=1&exst=L&ist=&ast=L&vt=w&slr=true&cs=1_d71a79d5&cb=1547204855894&jobListingId=3083569843
Process Engineering Co, WestRock  ,FL,Panama City,$53k-$99k,"Panama City, FL",https://www.glassdoor.com/partner/jobListing.htm?pos=118&ao=418046&s=58&guid=000001683c9886cd94b4955a237ddf87&src=GD_JOB_AD&t=SR&extid=1&exst=L&ist=&ast=L&vt=w&slr=true&cs=1_12db44b0&cb=1547204855896&jobListingId=2981404551
"Travel Medical Technologist job in Panama City, Florida", Soliant Health  ,FL,Panama City,,"Panama City, FL",https://www.glassdoor.com/partner/jobListing.htm?pos=119&ao=112626&s=58&guid=000001683c9886cd94b4955a237ddf87&src=GD_JOB_AD&t=SR&extid=1&exst=L&ist=&ast=L&vt=w&slr=true&cs=1_abc8dac4&cb=1547204855897&jobListingId=3055670957
Stocking Associate, The Home Depot  ,FL,Panama City,,"Panama City, FL",https://www.glassdoor.com/partner/jobListing.htm?pos=120&ao=427856&s=58&guid=000001683c9886cd94b4955a237ddf87&src=GD_JOB_AD&t=SR&extid=1&exst=L&ist=&ast=L&vt=w&slr=true&cs=1_de7e330a&cb=1547204855898&jobListingId=3062909481
Asset Protection Specialist, The Home Depot  ,FL,Panama City,$12-$18 per hour,"Panama City, FL",https://www.glassdoor.com/partner/jobListing.htm?pos=121&ao=427856&s=58&guid=000001683c9886cd94b4955a237ddf87&src=GD_JOB_AD&t=SR&extid=1&exst=L&ist=&ast=L&vt=w&slr=true&cs=1_53d179d1&cb=1547204855903&jobListingId=3062909457
Associate Sales, Harbor Freight Tools  ,FL,Panama City,,"Panama City, FL",https://www.glassdoor.com/partner/jobListing.htm?pos=122&ao=252337&s=58&guid=000001683c9886cd94b4955a237ddf87&src=GD_JOB_AD&t=SR&extid=1&exst=L&ist=&ast=L&vt=w&slr=true&cs=1_ef3d35d3&cb=1547204855905&jobListingId=3016757333
Part-time Content Coordinator/Writer, Best Version Media  ,FL,Panama City,$34k-$59k,"Panama City, FL",https://www.glassdoor.com/partner/jobListing.htm?pos=123&ao=65306&s=58&guid=000001683c9886cd94b4955a237ddf87&src=GD_JOB_AD&t=SR&extid=1&exst=L&ist=&ast=L&vt=w&slr=true&cs=1_ab7e4490&cb=1547204855906&jobListingId=3078173075
Inside Sales Representative, ABC Supply co.  Top Company,FL,Panama City,,"Panama City, FL",https://www.glassdoor.com/partner/jobListing.htm?pos=124&ao=300464&s=58&guid=000001683c9886cd94b4955a237ddf87&src=GD_JOB_AD&t=SR&extid=1&exst=L&ist=&ast=L&vt=w&slr=true&cs=1_16759f68&cb=1547204855907&jobListingId=3017478215
Housekeeper - Multifamily, Pegasus Residential  ,FL,Panama City Beach,$9-$12 per hour,"Panama City Beach, FL",https://www.glassdoor.com/partner/jobListing.htm?pos=125&ao=431438&s=58&guid=000001683c9886cd94b4955a237ddf87&src=GD_JOB_AD&t=SR&extid=1&exst=L&ist=&ast=L&vt=w&slr=true&cs=1_6491fb7f&cb=1547204855908&jobListingId=3000994717
CUSTOMER SERVICE REPRESENTATIVES (BDC), Bill Cramer Chevrolet Cadillac Buick GMC  ,FL,Panama City,,"Panama City, FL",https://www.glassdoor.com/partner/jobListing.htm?pos=126&ao=396490&s=58&guid=000001683c9886cd94b4955a237ddf87&src=GD_JOB_AD&t=SR&extid=1&exst=L&ist=&ast=L&vt=w&slr=true&cs=1_409d12bc&cb=1547204855909&jobListingId=3073546646
Client Service Analyst II, First Data  ,FL,Panama City,$36k-$53k,"Panama City, FL",https://www.glassdoor.com/partner/jobListing.htm?pos=127&ao=271408&s=58&guid=000001683c9886cd94b4955a237ddf87&src=GD_JOB_AD&t=SR&extid=1&exst=L&ist=&ast=L&vt=w&slr=true&cs=1_d4cf9533&cb=1547204855910&jobListingId=3080519474
"Contract Specialist, GS-1102-14", Department of Homeland Security  ,FL,Panama City,$56k-$93k,"Panama City, FL",https://www.glassdoor.com/partner/jobListing.htm?pos=128&ao=39106&s=58&guid=000001683c9886cd94b4955a237ddf87&src=GD_JOB_AD&t=SR&extid=1&exst=L&ist=&ast=L&vt=w&slr=true&cs=1_8d37fa74&cb=1547204855911&jobListingId=3027293755
Assistant Center Manager, Advance America  ,FL,Panama City,$27k-$40k,"Panama City, FL",https://www.glassdoor.com/partner/jobListing.htm?pos=129&ao=394752&s=58&guid=000001683c9886cd94b4955a237ddf87&src=GD_JOB_AD&t=SR&extid=1&exst=L&ist=&ast=L&vt=w&slr=true&cs=1_a3f277de&cb=1547204855912&jobListingId=3059748931